Foundation URI,Linearization (release) URI,Code,BlockId,Title,ClassKind,DepthInKind,IsResidual,PrimaryLocation,ChapterNo,BrowserLink,isLeaf,noOfNonResidualChildren,Primary tabulation,Grouping1,Grouping2,Grouping3,Grouping4,Grouping5,Version:2026 Apr 15 - 14:33 UTC
http://id.who.int/icd/entity/1435254666,http://id.who.int/icd/release/11/beta/mms/1435254666,,,Certain infectious or parasitic diseases,chapter,1,False,True,01,browser,False,22,,,,,,,
http://id.who.int/icd/entity/588616678,http://id.who.int/icd/release/11/beta/mms/588616678,,BlockL1-1A0,- Gastroenteritis or colitis of infectious origin,block,1,False,True,01,browser,False,5,,,,,,,
http://id.who.int/icd/entity/135352227,http://id.who.int/icd/release/11/beta/mms/135352227,,BlockL2-1A0,- - Bacterial intestinal infections,block,2,False,True,01,browser,False,8,,BlockL1-1A0,,,,,
http://id.who.int/icd/entity/257068234,http://id.who.int/icd/release/11/beta/mms/257068234,1A00,,- - - Cholera,category,1,False,True,01,browser,True,0,True,BlockL1-1A0,BlockL2-1A0,,,,
http://id.who.int/icd/entity/416025325,http://id.who.int/icd/release/11/beta/mms/416025325,1A01,,- - - Intestinal infection due to other Vibrio,category,1,False,True,01,browser,True,0,True,BlockL1-1A0,BlockL2-1A0,,,,
http://id.who.int/icd/entity/2080365623,http://id.who.int/icd/release/11/beta/mms/2080365623,1A02,,- - - Intestinal infections due to Shigella,category,1,False,True,01,browser,True,0,True,BlockL1-1A0,BlockL2-1A0,,,,
http://id.who.int/icd/entity/344162786,http://id.who.int/icd/release/11/beta/mms/344162786,1A03,,- - - Intestinal infections due to Escherichia coli,category,1,False,True,01,browser,False,4,True,BlockL1-1A0,BlockL2-1A0,,,,
http://id.who.int/icd/entity/2099226249,http://id.who.int/icd/release/11/beta/mms/2099226249,1A03.0,,- - - - Enteropathogenic Escherichia coli infection,category,2,False,True,01,browser,True,0,True,BlockL1-1A0,BlockL2-1A0,,,,
http://id.who.int/icd/entity/408185629,http://id.who.int/icd/release/11/beta/mms/408185629,1A03.1,,- - - - Enterotoxigenic Escherichia coli infection,category,2,False,True,01,browser,True,0,True,BlockL1-1A0,BlockL2-1A0,,,,
http://id.who.int/icd/entity/1828273122,http://id.who.int/icd/release/11/beta/mms/1828273122,1A03.2,,- - - - Enteroinvasive Escherichia coli infection,category,2,False,True,01,browser,True,0,True,BlockL1-1A0,BlockL2-1A0,,,,
http://id.who.int/icd/entity/162723448,http://id.who.int/icd/release/11/beta/mms/162723448,1A03.3,,- - - - Enterohaemorrhagic Escherichia coli infection,category,2,False,True,01,browser,True,0,True,BlockL1-1A0,BlockL2-1A0,,,,
,http://id.who.int/icd/release/11/beta/mms/344162786/other,1A03.Y,,- - - - Intestinal infections due to other specified Escherichia coli,category,2,True,True,01,browser,True,0,True,BlockL1-1A0,BlockL2-1A0,,,,
,http://id.who.int/icd/release/11/beta/mms/344162786/unspecified,1A03.Z,,"- - - - Intestinal infections due to Escherichia coli, unspecified",category,2,True,True,01,browser,True,0,True,BlockL1-1A0,BlockL2-1A0,,,,
http://id.who.int/icd/entity/250688797,http://id.who.int/icd/release/11/beta/mms/250688797,1A04,,- - - Intestinal infections due to Clostridioides difficile,category,1,False,True,01,browser,True,0,True,BlockL1-1A0,BlockL2-1A0,,,,
http://id.who.int/icd/entity/1000894786,http://id.who.int/icd/release/11/beta/mms/1000894786,1A05,,- - - Intestinal infections due to Yersinia enterocolitica,category,1,False,True,01,browser,True,0,True,BlockL1-1A0,BlockL2-1A0,,,,
http://id.who.int/icd/entity/794462570,http://id.who.int/icd/release/11/beta/mms/794462570,1A06,,- - - Gastroenteritis due to Campylobacter,category,1,False,True,01,browser,True,0,True,BlockL1-1A0,BlockL2-1A0,,,,
http://id.who.int/icd/entity/1561949126,http://id.who.int/icd/release/11/beta/mms/1561949126,,BlockL3-1A0,- - - Intestinal infections due to Salmonella,block,3,False,True,01,browser,False,3,,BlockL1-1A0,BlockL2-1A0,,,,
http://id.who.int/icd/entity/1528414070,http://id.who.int/icd/release/11/beta/mms/1528414070,1A07,,- - - - Typhoid fever,category,1,False,True,01,browser,False,1,True,BlockL1-1A0,BlockL2-1A0,BlockL3-1A0,,,
http://id.who.int/icd/entity/364534567,http://id.who.int/icd/release/11/beta/mms/364534567,1A07.0,,- - - - - Typhoid peritonitis,category,2,False,True,01,browser,True,0,True,BlockL1-1A0,BlockL2-1A0,BlockL3-1A0,,,
,http://id.who.int/icd/release/11/beta/mms/1528414070/other,1A07.Y,,- - - - - Other specified typhoid fever,category,2,True,True,01,browser,True,0,True,BlockL1-1A0,BlockL2-1A0,BlockL3-1A0,,,
,http://id.who.int/icd/release/11/beta/mms/1528414070/unspecified,1A07.Z,,"- - - - - Typhoid fever, unspecified",category,2,True,True,01,browser,True,0,True,BlockL1-1A0,BlockL2-1A0,BlockL3-1A0,,,
http://id.who.int/icd/entity/1780040028,http://id.who.int/icd/release/11/beta/mms/1780040028,1A08,,- - - - Paratyphoid fever,category,1,False,True,01,browser,True,0,True,BlockL1-1A0,BlockL2-1A0,BlockL3-1A0,,,
http://id.who.int/icd/entity/1520312138,http://id.who.int/icd/release/11/beta/mms/1520312138,1A09.0,,- - - - Enteritis due to Salmonella -TEST,category,1,False,True,01,browser,True,0,True,BlockL1-1A0,BlockL2-1A0,BlockL3-1A0,,,
,http://id.who.int/icd/release/11/beta/mms/1561949126/other,_NOCODEASSIGNED,,- - - - Intestinal infections due to other specified Salmonella,category,1,True,True,01,browser,True,0,True,BlockL1-1A0,BlockL2-1A0,BlockL3-1A0,,,
,http://id.who.int/icd/release/11/beta/mms/1561949126/unspecified,_NOCODEASSIGNED,,- - - - Infections due to unspecified Salmonella,category,1,True,True,01,browser,True,0,True,BlockL1-1A0,BlockL2-1A0,BlockL3-1A0,,,
,http://id.who.int/icd/release/11/beta/mms/135352227/other,1A0Y,,- - - Other specified bacterial intestinal infections,category,1,True,True,01,browser,True,0,True,BlockL1-1A0,BlockL2-1A0,,,,
,http://id.who.int/icd/release/11/beta/mms/135352227/unspecified,1A0Z,,"- - - Bacterial intestinal infections, unspecified",category,1,True,True,01,browser,True,0,True,BlockL1-1A0,BlockL2-1A0,,,,
http://id.who.int/icd/entity/1834648119,http://id.who.int/icd/release/11/beta/mms/1834648119,,BlockL2-1A1,- - Bacterial foodborne intoxications,block,2,False,True,01,browser,False,4,,BlockL1-1A0,,,,,
http://id.who.int/icd/entity/1642556936,http://id.who.int/icd/release/11/beta/mms/1642556936,1A10,,- - - Foodborne staphylococcal intoxication,category,1,False,True,01,browser,True,0,True,BlockL1-1A0,BlockL2-1A1,,,,
http://id.who.int/icd/entity/78422942,http://id.who.int/icd/release/11/beta/mms/78422942,1A11,,- - - Botulism,category,1,False,True,01,browser,False,2,True,BlockL1-1A0,BlockL2-1A1,,,,
http://id.who.int/icd/entity/2033726602,http://id.who.int/icd/release/11/beta/mms/2033726602,1A11.0,,- - - - Foodborne intoxication by botulinum toxin,category,2,False,True,01,browser,True,0,True,BlockL1-1A0,BlockL2-1A1,,,,
http://id.who.int/icd/entity/1393712712,http://id.who.int/icd/release/11/beta/mms/1393712712,1A11.1,,- - - - Other forms of botulism,category,2,False,True,01,browser,True,0,True,BlockL1-1A0,BlockL2-1A1,,,,
,http://id.who.int/icd/release/11/beta/mms/78422942/unspecified,1A11.Z,,"- - - - Botulism, unspecified",category,2,True,True,01,browser,True,0,True,BlockL1-1A0,BlockL2-1A1,,,,
http://id.who.int/icd/entity/1879176035,http://id.who.int/icd/release/11/beta/mms/1879176035,1A12,,- - - Foodborne Clostridium perfringens intoxication,category,1,False,True,01,browser,True,0,True,BlockL1-1A0,BlockL2-1A1,,,,
http://id.who.int/icd/entity/1722068323,http://id.who.int/icd/release/11/beta/mms/1722068323,1A13,,- - - Foodborne Bacillus cereus intoxication,category,1,False,True,01,browser,True,0,True,BlockL1-1A0,BlockL2-1A1,,,,
,http://id.who.int/icd/release/11/beta/mms/1834648119/other,1A1Y,,- - - Other specified bacterial foodborne intoxications,category,1,True,True,01,browser,True,0,True,BlockL1-1A0,BlockL2-1A1,,,,
,http://id.who.int/icd/release/11/beta/mms/1834648119/unspecified,1A1Z,,"- - - Bacterial foodborne intoxications, unspecified",category,1,True,True,01,browser,True,0,True,BlockL1-1A0,BlockL2-1A1,,,,
http://id.who.int/icd/entity/30738976,http://id.who.int/icd/release/11/beta/mms/30738976,,BlockL2-1A2,- - Viral intestinal infections,block,2,False,True,01,browser,False,5,,BlockL1-1A0,,,,,
http://id.who.int/icd/entity/749414717,http://id.who.int/icd/release/11/beta/mms/749414717,1A20,,- - - Enteritis due to Adenovirus,category,1,False,True,01,browser,True,0,True,BlockL1-1A0,BlockL2-1A2,,,,
http://id.who.int/icd/entity/1185210745,http://id.who.int/icd/release/11/beta/mms/1185210745,1A21,,- - - Gastroenteritis due to Astrovirus,category,1,False,True,01,browser,True,0,True,BlockL1-1A0,BlockL2-1A2,,,,
http://id.who.int/icd/entity/840750347,http://id.who.int/icd/release/11/beta/mms/840750347,1A22,,- - - Gastroenteritis due to Rotavirus,category,1,False,True,01,browser,True,0,True,BlockL1-1A0,BlockL2-1A2,,,,
http://id.who.int/icd/entity/1465325727,http://id.who.int/icd/release/11/beta/mms/1465325727,1A23,,- - - Enteritis due to Norovirus,category,1,False,True,01,browser,True,0,True,BlockL1-1A0,BlockL2-1A2,,,,
http://id.who.int/icd/entity/1519125035,http://id.who.int/icd/release/11/beta/mms/1519125035,1A24,,- - - Intestinal infections due to Cytomegalovirus,category,1,False,True,01,browser,True,0,True,BlockL1-1A0,BlockL2-1A2,,,,
,http://id.who.int/icd/release/11/beta/mms/30738976/other,1A2Y,,- - - Other specified viral intestinal infections,category,1,True,True,01,browser,True,0,True,BlockL1-1A0,BlockL2-1A2,,,,
,http://id.who.int/icd/release/11/beta/mms/30738976/unspecified,1A2Z,,"- - - Viral intestinal infections, unspecified",category,1,True,True,01,browser,True,0,True,BlockL1-1A0,BlockL2-1A2,,,,
http://id.who.int/icd/entity/2092703582,http://id.who.int/icd/release/11/beta/mms/2092703582,,BlockL2-1A3,- - Protozoal intestinal infections,block,2,False,True,01,browser,False,7,,BlockL1-1A0,,,,,
http://id.who.int/icd/entity/2090337975,http://id.who.int/icd/release/11/beta/mms/2090337975,1A30,,- - - Infections due to Balantidium coli,category,1,False,True,01,browser,True,0,True,BlockL1-1A0,BlockL2-1A3,,,,
http://id.who.int/icd/entity/433310499,http://id.who.int/icd/release/11/beta/mms/433310499,1A31,,- - - Giardiasis,category,1,False,True,01,browser,True,0,True,BlockL1-1A0,BlockL2-1A3,,,,
http://id.who.int/icd/entity/1837013982,http://id.who.int/icd/release/11/beta/mms/1837013982,1A32,,- - - Cryptosporidiosis,category,1,False,True,01,browser,True,0,True,BlockL1-1A0,BlockL2-1A3,,,,